[
{
    "model": "auth.permission",
    "pk": 1,
    "fields": {
        "name": "Can add log entry",
        "content_type": 1,
        "codename": "add_logentry"
    }
},
{
    "model": "auth.permission",
    "pk": 2,
    "fields": {
        "name": "Can change log entry",
        "content_type": 1,
        "codename": "change_logentry"
    }
},
{
    "model": "auth.permission",
    "pk": 3,
    "fields": {
        "name": "Can delete log entry",
        "content_type": 1,
        "codename": "delete_logentry"
    }
},
{
    "model": "auth.permission",
    "pk": 4,
    "fields": {
        "name": "Can view log entry",
        "content_type": 1,
        "codename": "view_logentry"
    }
},
{
    "model": "auth.permission",
    "pk": 5,
    "fields": {
        "name": "Can add permission",
        "content_type": 2,
        "codename": "add_permission"
    }
},
{
    "model": "auth.permission",
    "pk": 6,
    "fields": {
        "name": "Can change permission",
        "content_type": 2,
        "codename": "change_permission"
    }
},
{
    "model": "auth.permission",
    "pk": 7,
    "fields": {
        "name": "Can delete permission",
        "content_type": 2,
        "codename": "delete_permission"
    }
},
{
    "model": "auth.permission",
    "pk": 8,
    "fields": {
        "name": "Can view permission",
        "content_type": 2,
        "codename": "view_permission"
    }
},
{
    "model": "auth.permission",
    "pk": 9,
    "fields": {
        "name": "Can add group",
        "content_type": 3,
        "codename": "add_group"
    }
},
{
    "model": "auth.permission",
    "pk": 10,
    "fields": {
        "name": "Can change group",
        "content_type": 3,
        "codename": "change_group"
    }
},
{
    "model": "auth.permission",
    "pk": 11,
    "fields": {
        "name": "Can delete group",
        "content_type": 3,
        "codename": "delete_group"
    }
},
{
    "model": "auth.permission",
    "pk": 12,
    "fields": {
        "name": "Can view group",
        "content_type": 3,
        "codename": "view_group"
    }
},
{
    "model": "auth.permission",
    "pk": 13,
    "fields": {
        "name": "Can add user",
        "content_type": 4,
        "codename": "add_user"
    }
},
{
    "model": "auth.permission",
    "pk": 14,
    "fields": {
        "name": "Can change user",
        "content_type": 4,
        "codename": "change_user"
    }
},
{
    "model": "auth.permission",
    "pk": 15,
    "fields": {
        "name": "Can delete user",
        "content_type": 4,
        "codename": "delete_user"
    }
},
{
    "model": "auth.permission",
    "pk": 16,
    "fields": {
        "name": "Can view user",
        "content_type": 4,
        "codename": "view_user"
    }
},
{
    "model": "auth.permission",
    "pk": 17,
    "fields": {
        "name": "Can add content type",
        "content_type": 5,
        "codename": "add_contenttype"
    }
},
{
    "model": "auth.permission",
    "pk": 18,
    "fields": {
        "name": "Can change content type",
        "content_type": 5,
        "codename": "change_contenttype"
    }
},
{
    "model": "auth.permission",
    "pk": 19,
    "fields": {
        "name": "Can delete content type",
        "content_type": 5,
        "codename": "delete_contenttype"
    }
},
{
    "model": "auth.permission",
    "pk": 20,
    "fields": {
        "name": "Can view content type",
        "content_type": 5,
        "codename": "view_contenttype"
    }
},
{
    "model": "auth.permission",
    "pk": 21,
    "fields": {
        "name": "Can add session",
        "content_type": 6,
        "codename": "add_session"
    }
},
{
    "model": "auth.permission",
    "pk": 22,
    "fields": {
        "name": "Can change session",
        "content_type": 6,
        "codename": "change_session"
    }
},
{
    "model": "auth.permission",
    "pk": 23,
    "fields": {
        "name": "Can delete session",
        "content_type": 6,
        "codename": "delete_session"
    }
},
{
    "model": "auth.permission",
    "pk": 24,
    "fields": {
        "name": "Can view session",
        "content_type": 6,
        "codename": "view_session"
    }
},
{
    "model": "auth.permission",
    "pk": 25,
    "fields": {
        "name": "Can add Token",
        "content_type": 7,
        "codename": "add_token"
    }
},
{
    "model": "auth.permission",
    "pk": 26,
    "fields": {
        "name": "Can change Token",
        "content_type": 7,
        "codename": "change_token"
    }
},
{
    "model": "auth.permission",
    "pk": 27,
    "fields": {
        "name": "Can delete Token",
        "content_type": 7,
        "codename": "delete_token"
    }
},
{
    "model": "auth.permission",
    "pk": 28,
    "fields": {
        "name": "Can view Token",
        "content_type": 7,
        "codename": "view_token"
    }
},
{
    "model": "auth.permission",
    "pk": 29,
    "fields": {
        "name": "Can add token",
        "content_type": 8,
        "codename": "add_tokenproxy"
    }
},
{
    "model": "auth.permission",
    "pk": 30,
    "fields": {
        "name": "Can change token",
        "content_type": 8,
        "codename": "change_tokenproxy"
    }
},
{
    "model": "auth.permission",
    "pk": 31,
    "fields": {
        "name": "Can delete token",
        "content_type": 8,
        "codename": "delete_tokenproxy"
    }
},
{
    "model": "auth.permission",
    "pk": 32,
    "fields": {
        "name": "Can view token",
        "content_type": 8,
        "codename": "view_tokenproxy"
    }
},
{
    "model": "auth.permission",
    "pk": 33,
    "fields": {
        "name": "Can add classe model",
        "content_type": 9,
        "codename": "add_classemodel"
    }
},
{
    "model": "auth.permission",
    "pk": 34,
    "fields": {
        "name": "Can change classe model",
        "content_type": 9,
        "codename": "change_classemodel"
    }
},
{
    "model": "auth.permission",
    "pk": 35,
    "fields": {
        "name": "Can delete classe model",
        "content_type": 9,
        "codename": "delete_classemodel"
    }
},
{
    "model": "auth.permission",
    "pk": 36,
    "fields": {
        "name": "Can view classe model",
        "content_type": 9,
        "codename": "view_classemodel"
    }
},
{
    "model": "auth.permission",
    "pk": 37,
    "fields": {
        "name": "Can add core settings model",
        "content_type": 10,
        "codename": "add_coresettingsmodel"
    }
},
{
    "model": "auth.permission",
    "pk": 38,
    "fields": {
        "name": "Can change core settings model",
        "content_type": 10,
        "codename": "change_coresettingsmodel"
    }
},
{
    "model": "auth.permission",
    "pk": 39,
    "fields": {
        "name": "Can delete core settings model",
        "content_type": 10,
        "codename": "delete_coresettingsmodel"
    }
},
{
    "model": "auth.permission",
    "pk": 40,
    "fields": {
        "name": "Can view core settings model",
        "content_type": 10,
        "codename": "view_coresettingsmodel"
    }
},
{
    "model": "auth.permission",
    "pk": 41,
    "fields": {
        "name": "Can add email model",
        "content_type": 11,
        "codename": "add_emailmodel"
    }
},
{
    "model": "auth.permission",
    "pk": 42,
    "fields": {
        "name": "Can change email model",
        "content_type": 11,
        "codename": "change_emailmodel"
    }
},
{
    "model": "auth.permission",
    "pk": 43,
    "fields": {
        "name": "Can delete email model",
        "content_type": 11,
        "codename": "delete_emailmodel"
    }
},
{
    "model": "auth.permission",
    "pk": 44,
    "fields": {
        "name": "Can view email model",
        "content_type": 11,
        "codename": "view_emailmodel"
    }
},
{
    "model": "auth.permission",
    "pk": 45,
    "fields": {
        "name": "Can add responsible model",
        "content_type": 12,
        "codename": "add_responsiblemodel"
    }
},
{
    "model": "auth.permission",
    "pk": 46,
    "fields": {
        "name": "Can change responsible model",
        "content_type": 12,
        "codename": "change_responsiblemodel"
    }
},
{
    "model": "auth.permission",
    "pk": 47,
    "fields": {
        "name": "Can delete responsible model",
        "content_type": 12,
        "codename": "delete_responsiblemodel"
    }
},
{
    "model": "auth.permission",
    "pk": 48,
    "fields": {
        "name": "Can view responsible model",
        "content_type": 12,
        "codename": "view_responsiblemodel"
    }
},
{
    "model": "auth.permission",
    "pk": 49,
    "fields": {
        "name": "Can add student model",
        "content_type": 13,
        "codename": "add_studentmodel"
    }
},
{
    "model": "auth.permission",
    "pk": 50,
    "fields": {
        "name": "Can change student model",
        "content_type": 13,
        "codename": "change_studentmodel"
    }
},
{
    "model": "auth.permission",
    "pk": 51,
    "fields": {
        "name": "Can delete student model",
        "content_type": 13,
        "codename": "delete_studentmodel"
    }
},
{
    "model": "auth.permission",
    "pk": 52,
    "fields": {
        "name": "Can view student model",
        "content_type": 13,
        "codename": "view_studentmodel"
    }
},
{
    "model": "auth.permission",
    "pk": 53,
    "fields": {
        "name": "Can add teaching model",
        "content_type": 14,
        "codename": "add_teachingmodel"
    }
},
{
    "model": "auth.permission",
    "pk": 54,
    "fields": {
        "name": "Can change teaching model",
        "content_type": 14,
        "codename": "change_teachingmodel"
    }
},
{
    "model": "auth.permission",
    "pk": 55,
    "fields": {
        "name": "Can delete teaching model",
        "content_type": 14,
        "codename": "delete_teachingmodel"
    }
},
{
    "model": "auth.permission",
    "pk": 56,
    "fields": {
        "name": "Can view teaching model",
        "content_type": 14,
        "codename": "view_teachingmodel"
    }
},
{
    "model": "auth.permission",
    "pk": 57,
    "fields": {
        "name": "Can add year model",
        "content_type": 15,
        "codename": "add_yearmodel"
    }
},
{
    "model": "auth.permission",
    "pk": 58,
    "fields": {
        "name": "Can change year model",
        "content_type": 15,
        "codename": "change_yearmodel"
    }
},
{
    "model": "auth.permission",
    "pk": 59,
    "fields": {
        "name": "Can delete year model",
        "content_type": 15,
        "codename": "delete_yearmodel"
    }
},
{
    "model": "auth.permission",
    "pk": 60,
    "fields": {
        "name": "Can view year model",
        "content_type": 15,
        "codename": "view_yearmodel"
    }
},
{
    "model": "auth.permission",
    "pk": 61,
    "fields": {
        "name": "Can add additional student info",
        "content_type": 16,
        "codename": "add_additionalstudentinfo"
    }
},
{
    "model": "auth.permission",
    "pk": 62,
    "fields": {
        "name": "Can change additional student info",
        "content_type": 16,
        "codename": "change_additionalstudentinfo"
    }
},
{
    "model": "auth.permission",
    "pk": 63,
    "fields": {
        "name": "Can delete additional student info",
        "content_type": 16,
        "codename": "delete_additionalstudentinfo"
    }
},
{
    "model": "auth.permission",
    "pk": 64,
    "fields": {
        "name": "Can view additional student info",
        "content_type": 16,
        "codename": "view_additionalstudentinfo"
    }
},
{
    "model": "auth.permission",
    "pk": 65,
    "fields": {
        "name": "Can add import calendar model",
        "content_type": 17,
        "codename": "add_importcalendarmodel"
    }
},
{
    "model": "auth.permission",
    "pk": 66,
    "fields": {
        "name": "Can change import calendar model",
        "content_type": 17,
        "codename": "change_importcalendarmodel"
    }
},
{
    "model": "auth.permission",
    "pk": 67,
    "fields": {
        "name": "Can delete import calendar model",
        "content_type": 17,
        "codename": "delete_importcalendarmodel"
    }
},
{
    "model": "auth.permission",
    "pk": 68,
    "fields": {
        "name": "Can view import calendar model",
        "content_type": 17,
        "codename": "view_importcalendarmodel"
    }
},
{
    "model": "auth.permission",
    "pk": 69,
    "fields": {
        "name": "Can add course model",
        "content_type": 18,
        "codename": "add_coursemodel"
    }
},
{
    "model": "auth.permission",
    "pk": 70,
    "fields": {
        "name": "Can change course model",
        "content_type": 18,
        "codename": "change_coursemodel"
    }
},
{
    "model": "auth.permission",
    "pk": 71,
    "fields": {
        "name": "Can delete course model",
        "content_type": 18,
        "codename": "delete_coursemodel"
    }
},
{
    "model": "auth.permission",
    "pk": 72,
    "fields": {
        "name": "Can view course model",
        "content_type": 18,
        "codename": "view_coursemodel"
    }
},
{
    "model": "auth.permission",
    "pk": 73,
    "fields": {
        "name": "Can add given course model",
        "content_type": 19,
        "codename": "add_givencoursemodel"
    }
},
{
    "model": "auth.permission",
    "pk": 74,
    "fields": {
        "name": "Can change given course model",
        "content_type": 19,
        "codename": "change_givencoursemodel"
    }
},
{
    "model": "auth.permission",
    "pk": 75,
    "fields": {
        "name": "Can delete given course model",
        "content_type": 19,
        "codename": "delete_givencoursemodel"
    }
},
{
    "model": "auth.permission",
    "pk": 76,
    "fields": {
        "name": "Can view given course model",
        "content_type": 19,
        "codename": "view_givencoursemodel"
    }
},
{
    "model": "auth.permission",
    "pk": 77,
    "fields": {
        "name": "Can add period core model",
        "content_type": 20,
        "codename": "add_periodcoremodel"
    }
},
{
    "model": "auth.permission",
    "pk": 78,
    "fields": {
        "name": "Can change period core model",
        "content_type": 20,
        "codename": "change_periodcoremodel"
    }
},
{
    "model": "auth.permission",
    "pk": 79,
    "fields": {
        "name": "Can delete period core model",
        "content_type": 20,
        "codename": "delete_periodcoremodel"
    }
},
{
    "model": "auth.permission",
    "pk": 80,
    "fields": {
        "name": "Can view period core model",
        "content_type": 20,
        "codename": "view_periodcoremodel"
    }
},
{
    "model": "auth.permission",
    "pk": 81,
    "fields": {
        "name": "Can add course schedule model",
        "content_type": 21,
        "codename": "add_courseschedulemodel"
    }
},
{
    "model": "auth.permission",
    "pk": 82,
    "fields": {
        "name": "Can change course schedule model",
        "content_type": 21,
        "codename": "change_courseschedulemodel"
    }
},
{
    "model": "auth.permission",
    "pk": 83,
    "fields": {
        "name": "Can delete course schedule model",
        "content_type": 21,
        "codename": "delete_courseschedulemodel"
    }
},
{
    "model": "auth.permission",
    "pk": 84,
    "fields": {
        "name": "Can view course schedule model",
        "content_type": 21,
        "codename": "view_courseschedulemodel"
    }
},
{
    "model": "auth.permission",
    "pk": 85,
    "fields": {
        "name": "Can add menu entry model",
        "content_type": 22,
        "codename": "add_menuentrymodel"
    }
},
{
    "model": "auth.permission",
    "pk": 86,
    "fields": {
        "name": "Can change menu entry model",
        "content_type": 22,
        "codename": "change_menuentrymodel"
    }
},
{
    "model": "auth.permission",
    "pk": 87,
    "fields": {
        "name": "Can delete menu entry model",
        "content_type": 22,
        "codename": "delete_menuentrymodel"
    }
},
{
    "model": "auth.permission",
    "pk": 88,
    "fields": {
        "name": "Can view menu entry model",
        "content_type": 22,
        "codename": "view_menuentrymodel"
    }
},
{
    "model": "auth.permission",
    "pk": 89,
    "fields": {
        "name": "Can add annuaire settings model",
        "content_type": 23,
        "codename": "add_annuairesettingsmodel"
    }
},
{
    "model": "auth.permission",
    "pk": 90,
    "fields": {
        "name": "Can change annuaire settings model",
        "content_type": 23,
        "codename": "change_annuairesettingsmodel"
    }
},
{
    "model": "auth.permission",
    "pk": 91,
    "fields": {
        "name": "Can delete annuaire settings model",
        "content_type": 23,
        "codename": "delete_annuairesettingsmodel"
    }
},
{
    "model": "auth.permission",
    "pk": 92,
    "fields": {
        "name": "Can view annuaire settings model",
        "content_type": 23,
        "codename": "view_annuairesettingsmodel"
    }
},
{
    "model": "auth.permission",
    "pk": 93,
    "fields": {
        "name": "Can add cas attachment",
        "content_type": 24,
        "codename": "add_casattachment"
    }
},
{
    "model": "auth.permission",
    "pk": 94,
    "fields": {
        "name": "Can change cas attachment",
        "content_type": 24,
        "codename": "change_casattachment"
    }
},
{
    "model": "auth.permission",
    "pk": 95,
    "fields": {
        "name": "Can delete cas attachment",
        "content_type": 24,
        "codename": "delete_casattachment"
    }
},
{
    "model": "auth.permission",
    "pk": 96,
    "fields": {
        "name": "Can view cas attachment",
        "content_type": 24,
        "codename": "view_casattachment"
    }
},
{
    "model": "auth.permission",
    "pk": 97,
    "fields": {
        "name": "Can add cas eleve",
        "content_type": 25,
        "codename": "add_caseleve"
    }
},
{
    "model": "auth.permission",
    "pk": 98,
    "fields": {
        "name": "Can change cas eleve",
        "content_type": 25,
        "codename": "change_caseleve"
    }
},
{
    "model": "auth.permission",
    "pk": 99,
    "fields": {
        "name": "Can delete cas eleve",
        "content_type": 25,
        "codename": "delete_caseleve"
    }
},
{
    "model": "auth.permission",
    "pk": 100,
    "fields": {
        "name": "Can view cas eleve",
        "content_type": 25,
        "codename": "view_caseleve"
    }
},
{
    "model": "auth.permission",
    "pk": 101,
    "fields": {
        "name": "Can set sanction",
        "content_type": 25,
        "codename": "set_sanction"
    }
},
{
    "model": "auth.permission",
    "pk": 102,
    "fields": {
        "name": "Can ask sanction",
        "content_type": 25,
        "codename": "ask_sanction"
    }
},
{
    "model": "auth.permission",
    "pk": 103,
    "fields": {
        "name": "Can add dossier eleve settings model",
        "content_type": 26,
        "codename": "add_dossierelevesettingsmodel"
    }
},
{
    "model": "auth.permission",
    "pk": 104,
    "fields": {
        "name": "Can change dossier eleve settings model",
        "content_type": 26,
        "codename": "change_dossierelevesettingsmodel"
    }
},
{
    "model": "auth.permission",
    "pk": 105,
    "fields": {
        "name": "Can delete dossier eleve settings model",
        "content_type": 26,
        "codename": "delete_dossierelevesettingsmodel"
    }
},
{
    "model": "auth.permission",
    "pk": 106,
    "fields": {
        "name": "Can view dossier eleve settings model",
        "content_type": 26,
        "codename": "view_dossierelevesettingsmodel"
    }
},
{
    "model": "auth.permission",
    "pk": 107,
    "fields": {
        "name": "Can add info eleve",
        "content_type": 27,
        "codename": "add_infoeleve"
    }
},
{
    "model": "auth.permission",
    "pk": 108,
    "fields": {
        "name": "Can change info eleve",
        "content_type": 27,
        "codename": "change_infoeleve"
    }
},
{
    "model": "auth.permission",
    "pk": 109,
    "fields": {
        "name": "Can delete info eleve",
        "content_type": 27,
        "codename": "delete_infoeleve"
    }
},
{
    "model": "auth.permission",
    "pk": 110,
    "fields": {
        "name": "Can view info eleve",
        "content_type": 27,
        "codename": "view_infoeleve"
    }
},
{
    "model": "auth.permission",
    "pk": 111,
    "fields": {
        "name": "Can add sanction decision disciplinaire",
        "content_type": 28,
        "codename": "add_sanctiondecisiondisciplinaire"
    }
},
{
    "model": "auth.permission",
    "pk": 112,
    "fields": {
        "name": "Can change sanction decision disciplinaire",
        "content_type": 28,
        "codename": "change_sanctiondecisiondisciplinaire"
    }
},
{
    "model": "auth.permission",
    "pk": 113,
    "fields": {
        "name": "Can delete sanction decision disciplinaire",
        "content_type": 28,
        "codename": "delete_sanctiondecisiondisciplinaire"
    }
},
{
    "model": "auth.permission",
    "pk": 114,
    "fields": {
        "name": "Can view sanction decision disciplinaire",
        "content_type": 28,
        "codename": "view_sanctiondecisiondisciplinaire"
    }
},
{
    "model": "auth.permission",
    "pk": 115,
    "fields": {
        "name": "Can add sanction statistics model",
        "content_type": 29,
        "codename": "add_sanctionstatisticsmodel"
    }
},
{
    "model": "auth.permission",
    "pk": 116,
    "fields": {
        "name": "Can change sanction statistics model",
        "content_type": 29,
        "codename": "change_sanctionstatisticsmodel"
    }
},
{
    "model": "auth.permission",
    "pk": 117,
    "fields": {
        "name": "Can delete sanction statistics model",
        "content_type": 29,
        "codename": "delete_sanctionstatisticsmodel"
    }
},
{
    "model": "auth.permission",
    "pk": 118,
    "fields": {
        "name": "Can view sanction statistics model",
        "content_type": 29,
        "codename": "view_sanctionstatisticsmodel"
    }
},
{
    "model": "auth.permission",
    "pk": 119,
    "fields": {
        "name": "Can add notify sanction model",
        "content_type": 30,
        "codename": "add_notifysanctionmodel"
    }
},
{
    "model": "auth.permission",
    "pk": 120,
    "fields": {
        "name": "Can change notify sanction model",
        "content_type": 30,
        "codename": "change_notifysanctionmodel"
    }
},
{
    "model": "auth.permission",
    "pk": 121,
    "fields": {
        "name": "Can delete notify sanction model",
        "content_type": 30,
        "codename": "delete_notifysanctionmodel"
    }
},
{
    "model": "auth.permission",
    "pk": 122,
    "fields": {
        "name": "Can view notify sanction model",
        "content_type": 30,
        "codename": "view_notifysanctionmodel"
    }
},
{
    "model": "auth.group",
    "pk": 1,
    "fields": {
        "name": "sysadmin",
        "permissions": []
    }
},
{
    "model": "auth.group",
    "pk": 2,
    "fields": {
        "name": "direction",
        "permissions": [
            97,
            102,
            98,
            99,
            101,
            100
        ]
    }
},
{
    "model": "auth.group",
    "pk": 3,
    "fields": {
        "name": "professeur",
        "permissions": [
            97,
            102,
            98,
            99,
            101,
            100
        ]
    }
},
{
    "model": "auth.group",
    "pk": 4,
    "fields": {
        "name": "educateur",
        "permissions": [
            97,
            102,
            98,
            99,
            101,
            100
        ]
    }
},
{
    "model": "auth.group",
    "pk": 5,
    "fields": {
        "name": "coordonateur",
        "permissions": [
            97,
            102,
            98,
            99,
            101,
            100
        ]
    }
},
{
    "model": "auth.group",
    "pk": 6,
    "fields": {
        "name": "secretaire",
        "permissions": []
    }
},
{
    "model": "auth.group",
    "pk": 7,
    "fields": {
        "name": "pms",
        "permissions": [
            97,
            102,
            98,
            99,
            101,
            100
        ]
    }
},
{
    "model": "auth.group",
    "pk": 8,
    "fields": {
        "name": "accueil",
        "permissions": []
    }
},
{
    "model": "auth.group",
    "pk": 9,
    "fields": {
        "name": "coord1",
        "permissions": []
    }
},
{
    "model": "auth.group",
    "pk": 10,
    "fields": {
        "name": "educ1",
        "permissions": []
    }
},
{
    "model": "auth.group",
    "pk": 11,
    "fields": {
        "name": "coord2",
        "permissions": []
    }
},
{
    "model": "auth.group",
    "pk": 12,
    "fields": {
        "name": "educ2",
        "permissions": []
    }
},
{
    "model": "auth.group",
    "pk": 13,
    "fields": {
        "name": "coord3",
        "permissions": []
    }
},
{
    "model": "auth.group",
    "pk": 14,
    "fields": {
        "name": "educ3",
        "permissions": []
    }
},
{
    "model": "auth.group",
    "pk": 15,
    "fields": {
        "name": "coord4",
        "permissions": []
    }
},
{
    "model": "auth.group",
    "pk": 16,
    "fields": {
        "name": "educ4",
        "permissions": []
    }
},
{
    "model": "auth.group",
    "pk": 17,
    "fields": {
        "name": "coord5",
        "permissions": []
    }
},
{
    "model": "auth.group",
    "pk": 18,
    "fields": {
        "name": "educ5",
        "permissions": []
    }
},
{
    "model": "auth.group",
    "pk": 19,
    "fields": {
        "name": "coord6",
        "permissions": []
    }
},
{
    "model": "auth.group",
    "pk": 20,
    "fields": {
        "name": "educ6",
        "permissions": []
    }
},
{
    "model": "auth.group",
    "pk": 21,
    "fields": {
        "name": "coord7",
        "permissions": []
    }
},
{
    "model": "auth.group",
    "pk": 22,
    "fields": {
        "name": "educ7",
        "permissions": []
    }
},
{
    "model": "auth.user",
    "pk": 2,
    "fields": {
        "password": "pbkdf2_sha256$150000$jjFEH5YmaEwP$bqvzrq08vs85dATJvxkQ5n9/Jkc9yKR1Ik9HFO7Mgew=",
        "last_login": "2017-11-06T09:32:59.686Z",
        "is_superuser": true,
        "username": "admin",
        "first_name": "",
        "last_name": "",
        "email": "",
        "is_staff": true,
        "is_active": true,
        "date_joined": "2017-10-09T10:03:33Z",
        "groups": [
            1
        ],
        "user_permissions": []
    }
},
{
    "model": "auth.user",
    "pk": 3,
    "fields": {
        "password": "pbkdf2_sha256$36000$kA8C0HEjlyJi$MPeEPifCwHeEzMaQE2bstsv4wimAHVDbxyXgEtsbOp8=",
        "last_login": null,
        "is_superuser": false,
        "username": "teacher",
        "first_name": "",
        "last_name": "",
        "email": "",
        "is_staff": false,
        "is_active": true,
        "date_joined": "2017-10-09T10:04:43Z",
        "groups": [
            3
        ],
        "user_permissions": []
    }
},
{
    "model": "auth.user",
    "pk": 4,
    "fields": {
        "password": "pbkdf2_sha256$36000$2wwNdDCTjb5a$iuz5S2ljL/FEAu6s25cXwQB4nA4Az9uMbw3SlFmakto=",
        "last_login": null,
        "is_superuser": false,
        "username": "educator",
        "first_name": "",
        "last_name": "",
        "email": "",
        "is_staff": false,
        "is_active": true,
        "date_joined": "2017-10-09T10:06:58Z",
        "groups": [
            4,
            10
        ],
        "user_permissions": []
    }
},
{
    "model": "auth.user",
    "pk": 5,
    "fields": {
        "password": "pbkdf2_sha256$36000$NuqO2gPB1PRi$yVS+clfjmzJLyWL5XmBO2C+i6DMzBVeRHmxcgIBxs3s=",
        "last_login": null,
        "is_superuser": false,
        "username": "student",
        "first_name": "",
        "last_name": "",
        "email": "",
        "is_staff": false,
        "is_active": true,
        "date_joined": "2017-10-09T10:07:12.113Z",
        "groups": [],
        "user_permissions": []
    }
},
{
    "model": "auth.user",
    "pk": 6,
    "fields": {
        "password": "pbkdf2_sha256$36000$ZfgDWkS4abOh$lrC7SLQd6IvGz/oKx6ZbJF1E6wbIeLmuleHTiQ3Ph1I=",
        "last_login": null,
        "is_superuser": false,
        "username": "coordonator",
        "first_name": "",
        "last_name": "",
        "email": "",
        "is_staff": false,
        "is_active": true,
        "date_joined": "2017-10-09T10:07:20Z",
        "groups": [
            5,
            9
        ],
        "user_permissions": []
    }
},
{
    "model": "auth.user",
    "pk": 7,
    "fields": {
        "password": "pbkdf2_sha256$36000$62JfzYm3J2Vl$AriMrCNSsXC69vywqF2qUVfYhDShIkPg2gHHdsuSa6s=",
        "last_login": null,
        "is_superuser": false,
        "username": "director",
        "first_name": "",
        "last_name": "",
        "email": "",
        "is_staff": false,
        "is_active": true,
        "date_joined": "2017-10-09T10:07:37Z",
        "groups": [
            2
        ],
        "user_permissions": []
    }
},
{
    "model": "core.teachingmodel",
    "pk": 1,
    "fields": {
        "display_name": "Secondaire",
        "name": "secondaire"
    }
},
{
    "model": "core.teachingmodel",
    "pk": 2,
    "fields": {
        "display_name": "Primaire",
        "name": "primaire"
    }
},
{
    "model": "core.classemodel",
    "pk": 1,
    "fields": {
        "year": 1,
        "letter": "a",
        "teaching": 1
    }
},
{
    "model": "core.classemodel",
    "pk": 2,
    "fields": {
        "year": 1,
        "letter": "b",
        "teaching": 1
    }
},
{
    "model": "core.classemodel",
    "pk": 3,
    "fields": {
        "year": 3,
        "letter": "B",
        "teaching": 2
    }
},
{
    "model": "core.studentmodel",
    "pk": 1234,
    "fields": {
        "first_name": "Toto",
        "last_name": "Tutu",
        "teaching": 1,
        "classe": 1,
        "user": 5,
        "inactive_from": null,
        "courses": []
    }
},
{
    "model": "core.studentmodel",
    "pk": 2222,
    "fields": {
        "first_name": "Jacques",
        "last_name": "Chirac",
        "teaching": 2,
        "classe": 3,
        "user": null,
        "inactive_from": null,
        "courses": []
    }
},
{
    "model": "core.studentmodel",
    "pk": 9876,
    "fields": {
        "first_name": "Truc",
        "last_name": "Machin",
        "teaching": 2,
        "classe": 3,
        "user": 5,
        "inactive_from": null,
        "courses": []
    }
},
{
    "model": "core.responsiblemodel",
    "pk": 1,
    "fields": {
        "first_name": "Tea",
        "last_name": "Cher",
        "matricule": 123,
        "email": "tea.cher@happy.org",
        "email_school": null,
        "phone": "",
        "is_teacher": true,
        "is_educator": false,
        "is_secretary": false,
        "user": 3,
        "inactive_from": null,
        "birth_date": null,
        "teaching": [
            1
        ],
        "classe": [
            1,
            2
        ],
        "courses": [],
        "tenure": [
            2
        ]
    }
},
{
    "model": "core.responsiblemodel",
    "pk": 2,
    "fields": {
        "first_name": "Coord",
        "last_name": "onator",
        "matricule": 321,
        "email": "coord.onator@happy.org",
        "email_school": null,
        "phone": "",
        "is_teacher": true,
        "is_educator": false,
        "is_secretary": false,
        "user": 6,
        "inactive_from": null,
        "birth_date": null,
        "teaching": [
            1
        ],
        "classe": [
            1
        ],
        "courses": [],
        "tenure": [
            1
        ]
    }
},
{
    "model": "core.responsiblemodel",
    "pk": 3,
    "fields": {
        "first_name": "Tedu",
        "last_name": "Cator",
        "matricule": 12,
        "email": "tedu.cator@happy.org",
        "email_school": null,
        "phone": "",
        "is_teacher": false,
        "is_educator": true,
        "is_secretary": false,
        "user": 4,
        "inactive_from": null,
        "birth_date": null,
        "teaching": [
            1
        ],
        "classe": [],
        "courses": [],
        "tenure": []
    }
},
{
    "model": "core.responsiblemodel",
    "pk": 4,
    "fields": {
        "first_name": "Trespon",
        "last_name": "Sible",
        "matricule": 1,
        "email": "tres.sible@happy.org",
        "email_school": null,
        "phone": "",
        "is_teacher": false,
        "is_educator": false,
        "is_secretary": false,
        "user": 7,
        "inactive_from": null,
        "birth_date": null,
        "teaching": [
            1
        ],
        "classe": [],
        "courses": [],
        "tenure": []
    }
}
]

